id,first_name,department_name
1,Mel,Sales
2,Coretta,Sales
3,Jocelin,Accounting
4,Koenraad,Accounting
5,Evan,Product Management
6,Nevins,Business Development
7,Donica,Support
8,Peter,Support
9,Garret,Services
10,Pavia,Legal
11,Kalina,Marketing
12,Ulises,Product Management
13,Antoni,Research and Development
14,Emanuel,Engineering
15,Fayina,Product Management
16,Brunhilda,Business Development
17,Lothario,Accounting
18,Dare,Accounting
19,Trueman,Engineering
20,Andrey,Engineering
21,Hector,Legal
22,Rayshell,Business Development
23,Bart,Services
24,Emilia,Marketing
25,Christy,Training
26,Piggy,Support
27,Bendite,Services
28,Ernestine,Business Development
29,Wit,Business Development
30,Ketti,Support
31,Carree,Support
32,Patti,Research and Development
33,Monica,Business Development
34,Tallia,Sales
35,Zachariah,Sales
36,Ancell,Legal
37,Alphard,Sales
38,Jonathon,Human Resources
39,Elysee,Human Resources
40,Babette,Research and Development
41,Ross,Sales
42,Shellie,Product Management
43,Randie,Sales
44,Adoree,Services
45,Paulette,Legal
46,Flossi,Accounting
47,Marian,Marketing
48,Toby,Training
49,Adrianne,Sales
50,Baxie,Business Development
51,Chloris,Human Resources
52,Khalil,Research and Development
53,Nicolle,Accounting
54,Hanson,Training
55,Bancroft,Accounting
56,Brandea,Engineering
57,Beck,Services
58,Baldwin,Business Development
59,Kalli,Accounting
60,Keslie,Services
61,Lissie,Marketing
62,Vina,Support
63,Sherie,Marketing
64,Karil,Marketing
65,Jude,Business Development
66,Burnard,Research and Development
67,Eustacia,Human Resources
68,Alejoa,Human Resources
69,Stan,Business Development
70,Sanford,Marketing
71,Miof mela,Legal
72,Juana,Business Development
73,Rutter,Marketing
74,Calhoun,Engineering
75,Arnuad,Human Resources
76,Kelley,Research and Development
77,Magdaia,Legal
78,Daisi,Research and Development
79,Robbie,Sales
80,Ara,Engineering
81,Alvira,Product Management
82,Lind,Training
83,Yves,Sales
84,Ruperto,Support
85,Hagan,Business Development
86,Noemi,Marketing
87,Ferdinande,Engineering
88,Lynne,Engineering
89,Truda,Business Development
90,Toddy,Product Management
91,Ransell,Accounting
92,Stillmann,Product Management
93,Maryellen,Accounting
94,Marlon,Human Resources
95,Dee,Support
96,Ody,Support
97,Arabela,Research and Development
98,Talia,Services
99,Lewes,Research and Development
100,Priscilla,Accounting
